century,cod,0.027469886137321962
wave,expansion,0.027469886137321962
theory,evolution,0.027469886137321962
erectus,turn,0.027469886137321962
struggle,existence,0.027469886137321962
fossil,record,0.027469886137321962
world,world,0.027469886137321962
bridge,daughter,0.027469886137321962
member,pair,0.027469886137321962
way,way,0.013734943068660981
something,share,0.013734943068660981
ancestor,ancestor,0.013734943068660981
light,savanna,0.013734943068660981
baboon,living,0.013734943068660981
model,sort,0.013734943068660981
baboon,model,0.013734943068660981
number,tool,0.013734943068660981
use,power,0.013734943068660981
warfare,communication,0.013734943068660981
language,laboratory,0.013734943068660981
index,self-awareness,0.013734943068660981
evidence,course,0.013734943068660981
branch,rest,0.013734943068660981
primate,tree,0.013734943068660981
selection,chimpanzee,0.013734943068660981
touchstone,evolution,0.013734943068660981
improvement,baboon,0.013734943068660981
aspect,superiority,0.013734943068660981
state,size,0.013734943068660981
panther\'s,whereas,0.013734943068660981
weaponry,dimorphism,0.013734943068660981
chimpanzee,male,0.013734943068660981
chimpanzee,\r\nenter,0.013734943068660981
bonobo,primate,0.013734943068660981
sex,aggression,0.013734943068660981
life,ape,0.013734943068660981
attention,sex,0.013734943068660981
behavior,category,0.013734943068660981
bonobo,part,0.013734943068660981
engage,sex,0.013734943068660981
partner,female-juvenile,0.013734943068660981
frequency,contact,0.013734943068660981
rate,reproduction,0.013734943068660981
chimpanzee,female,0.013734943068660981
combination,appetite,0.013734943068660981
reproduction,sex,0.013734943068660981
trait,purpose,0.013734943068660981
sex,procreation,0.013734943068660981
size,fact,0.013734943068660981
regularly?,hence,0.013734943068660981
effect,people?,0.013734943068660981
survive,inland,0.013734943068660981
food,food,0.013734943068660981
eat,sagas?,0.013734943068660981
barren,winter,0.013734943068660981
air,weight,0.013734943068660981
woodlike,plank,0.013734943068660981
hardtack,day,0.013734943068660981
surplus,fish,0.013734943068660981
advantage:,product,0.013734943068660981
year,cod,0.013734943068660981
trade,cod's,0.013734943068660981
habitat,world,0.013734943068660981
sun,sea,0.013734943068660981
salt,food,0.013734943068660981
idea,trade,0.013734943068660981
meat;,salt,0.013734943068660981
whale,part,0.013734943068660981
whale,tongue,0.013734943068660981
twentieth-century,refrigerator,0.013734943068660981
food,curse,0.013734943068660981
trade,whale,0.013734943068660981
marriage,cod,0.013734943068660981
whale,meat,0.013734943068660981
fish,item,0.013734943068660981
cod,humid,0.013734943068660981
weather,miracle,0.013734943068660981
discovery,process,0.013734943068660981
fish,both--and,0.013734943068660981
flesh,age,0.013734943068660981
refrigeration,bland,0.013734943068660981
meat,cod,0.013734943068660981
growth,rain,0.013734943068660981
ground,level,0.013734943068660981
foliage,floor,0.013734943068660981
environment,ground,0.013734943068660981
level,reason,0.013734943068660981
canopy,research,0.013734943068660981
floor:,biodiversity,0.013734943068660981
growth,majority,0.013734943068660981
canopy,curiosity,0.013734943068660981
canopy,plethora,0.013734943068660981
career,fact,0.013734943068660981
monkey,telephoto,0.013734943068660981
cliff,eye,0.013734943068660981
level,none,0.013734943068660981
collection,\r\n,0.013734943068660981
climb,date,0.013734943068660981
mother\'s,birthday,0.013734943068660981
tree,coachwood,0.013734943068660981
family,fortune,0.013734943068660981
rain,forest,0.013734943068660981
sprawl,site,0.013734943068660981
photosynthesis,proximity,0.013734943068660981
study,timber,0.013734943068660981
waxy,spelunking,0.013734943068660981
club,hardware,0.013734943068660981
ignorance,harness,0.013734943068660981
hand,advice,0.013734943068660981
debate,extinction,0.013734943068660981
rock,record,0.013734943068660981
history,event,0.013734943068660981
cause,dinosaur,0.013734943068660981
episode,activity,0.013734943068660981
planet,location,0.013734943068660981
configuration,lava,0.013734943068660981
evidence,end,0.013734943068660981
event,environment,0.013734943068660981
extinction,dinosaurs?,0.013734943068660981
\r\nor,extinction,0.013734943068660981
impact,comet,0.013734943068660981
hypothesis,scenario,0.013734943068660981
impact,cloud,0.013734943068660981
debris,orbit,0.013734943068660981
earth,cloud,0.013734943068660981
light,death,0.013734943068660981
extinction,hypothesis,0.013734943068660981
press,community,0.013734943068660981
middle,phase,0.013734943068660981
history,stake,0.013734943068660981
view,change,0.013734943068660981
thinking,change,0.013734943068660981
impact,hypothesis,0.013734943068660981
history,life,0.013734943068660981
order,suborder,0.013734943068660981
cosmopolitan,jacanas,0.013734943068660981
basis,crane,0.013734943068660981
grus,crane,0.013734943068660981
heron,century,0.013734943068660981
heron,crane,0.013734943068660981
crane,companion,0.013734943068660981
association,flight,0.013734943068660981
distance,nothing,0.013734943068660981
neck,flight,0.013734943068660981
display,deficiency,0.013734943068660981
inner,trailing,0.013734943068660981
bird,bird\'s,0.013734943068660981
crane,r,0.013734943068660981
squawks,ground,0.013734943068660981
manner,hind,0.013734943068660981
toe,hallux,0.013734943068660981
cockspur,genus,0.013734943068660981
toe,balance,0.013734943068660981
perching,habit,0.013734943068660981
genus,sense,0.013734943068660981
anatomy,behavior,0.013734943068660981
form,head,0.013734943068660981
share,demoiselle,0.013734943068660981
genus,head,0.013734943068660981
area,comb,0.013734943068660981
skin\x97bright,crimson,0.013734943068660981
blood,breeding,0.013734943068660981
migratory,face,0.013734943068660981
neck,sarus,0.013734943068660981
brolga,pair,0.013734943068660981
courtship,mating,0.013734943068660981
issue,speech,0.013734943068660981
hypothesis--that,humanlike,0.013734943068660981
theory,population,0.013734943068660981
theory,erectus,0.013734943068660981
foremost,proponent,0.013734943068660981
theory,premise,0.013734943068660981
shape,teeth,0.013734943068660981
erectus,population,0.013734943068660981
case,fact,0.013734943068660981
characteristics--our,child,0.013734943068660981
language,age,0.013734943068660981
work,subject,0.013734943068660981
fashion,world,0.013734943068660981
explanation,gene,0.013734943068660981
flow,evolution,0.013734943068660981
mating,human,0.013734943068660981
evolution,erectus,0.013734943068660981
case,hypothesis,0.013734943068660981
example,humans;,0.013734943068660981
world,beings;,0.013734943068660981
fact,evidence,0.013734943068660981
theory,collaborative,0.013734943068660981
study,al,0.013734943068660981
case,argument,0.013734943068660981
list,erectus,0.013734943068660981
debate,shape,0.013734943068660981
incisor,degree,0.013734943068660981
fossil,world,0.013734943068660981
genius,drug,0.013734943068660981
infection,use,0.013734943068660981
sulphonamide,prototype,0.013734943068660981
science,era,0.013734943068660981
enlightenment,revolution,0.013734943068660981
antituberculosis,streptomycin,0.013734943068660981
acid,proliferation,0.013734943068660981
infection,stage,0.013734943068660981
acceleration,living,0.013734943068660981
treatments:,idoxyuridine,0.013734943068660981
metabolite,virugon,0.013734943068660981
influenza;,methisazone,0.013734943068660981
treatment,smallpox,0.013734943068660981
line,body\'s,0.013734943068660981
promise,\r\nthe,0.013734943068660981
spirit,optimism,0.013734943068660981
speech,appropriation,0.013734943068660981
campaign,cure,0.013734943068660981
cancer,time,0.013734943068660981
kind,effort,0.013734943068660981
atom,man,0.013734943068660981
moon,disease,0.013734943068660981
\r\ngone,fear,0.013734943068660981
infection,war,0.013734943068660981
cancer,zeitgeist,0.013734943068660981
opinion,meeting,0.013734943068660981
state,health,0.013734943068660981
umbrella,year,0.013734943068660981
smallpox,plague,0.013734943068660981
polio,diphtheria,0.013734943068660981
direction,\r\n',0.013734943068660981
idea,degeneration,0.013734943068660981
depiction,origin,0.013734943068660981
father,anthropology,0.013734943068660981
record,civilization,0.013734943068660981
region,process,0.013734943068660981
degeneration,stock,0.013734943068660981
demise,century,0.013734943068660981
notion,invasion,0.013734943068660981
race,theme,0.013734943068660981
progress,thought,0.013734943068660981
level,acceptance,0.013734943068660981
reality,evolution,0.013734943068660981
impact,life,0.013734943068660981
creation,motif,0.013734943068660981
hierarchy,life\'s,0.013734943068660981
image,divine,0.013734943068660981
creator,arrangement,0.013734943068660981
life,paleontology,0.013734943068660981
succession,life,0.013734943068660981
simplest,example,0.013734943068660981
succession,thence,0.013734943068660981
proof,descent,0.013734943068660981
modification,agent,0.013734943068660981
history,death,0.013734943068660981
patient,home,0.013734943068660981
continent,set,0.013734943068660981
viruses;,machine,0.013734943068660981
\r\nscience,anything,0.013734943068660981
case,life,0.013734943068660981
contrast,man,0.013734943068660981
existence,animal,0.013734943068660981
whale,evolution,0.013734943068660981
view,origin,0.013734943068660981
manner,life,0.013734943068660981
chance,principle,0.013734943068660981
inheritance,variety,0.013734943068660981
form,part,0.013734943068660981
thesis,clues-from,0.013734943068660981
geography\x97differ,case,0.013734943068660981
conclusion,whole,0.013734943068660981
life,assertion,0.013734943068660981
chain,deduction,0.013734943068660981
link,biography,0.013734943068660981
virus,skin,0.013734943068660981
virus,microscope,0.013734943068660981
whale,process,0.013734943068660981
telescope,evolution,0.013734943068660981
size,prelude,0.013734943068660981
drama,possibility,0.013734943068660981
land,use,0.013734943068660981
ground,sea?,0.013734943068660981
marine,land,0.013734943068660981
intermediates,cow,0.013734943068660981
line,descent,0.013734943068660981
udder,failure,0.013734943068660981
complaint,humor,0.013734943068660981
newspaper,passage,0.013734943068660981
range,plasticity,0.013734943068660981
book,while,0.013734943068660981
partner,sex,0.013734943068660981
interest,matter,0.013734943068660981
evolution,selection,0.013734943068660981
survival,process,0.013734943068660981
selection,choice,0.013734943068660981
insight,mind,0.013734943068660981
tail,peacock's,0.013734943068660981
tail,example,0.013734943068660981
selection,mate,0.013734943068660981
choice,lighter,0.013734943068660981
drabber,plumage,0.013734943068660981
energy,time,0.013734943068660981
peacock's,tail,0.013734943068660981
mate,choice,0.013734943068660981
function,arrangement,0.013734943068660981
iridescent,blue,0.013734943068660981
movement,function,0.013734943068660981
tail,sense,0.013734943068660981
adaptation,survival,0.013734943068660981
sense,adaptation,0.013734943068660981
courtship,mind's,0.013734943068660981
peacock's,tail:,0.013734943068660981
attention,view,0.013734943068660981
evolution,view,0.013734943068660981
time,richness,0.013734943068660981
art,morality,0.013734943068660981
language,creativity,0.013734943068660981
half,percent,0.013734943068660981
selection,mind's,0.013734943068660981
evolution,force,0.013734943068660981
designer,doubt,0.013734943068660981
selection,darwinian,0.013734943068660981
share,selection,0.013734943068660981
survival,work,0.013734943068660981
force,designer,0.013734943068660981
choice,kind,0.013734943068660981
intelligent,force,0.013734943068660981
mind's,evolution,0.013734943068660981
time,nature,0.013734943068660981
origin,fate,0.013734943068660981
self-confidence,need,0.013734943068660981
revolution,cosmos,0.013734943068660981
convenience,\r\n,0.013734943068660981
world--different,science,0.013734943068660981
fiction,place,0.013734943068660981
geography,something,0.013734943068660981
earth,sand,0.013734943068660981
air,thunderstorm,0.013734943068660981
landscape,ground,0.013734943068660981
bare,grass,0.013734943068660981
furry,orc,0.013734943068660981
world,museum,0.013734943068660981
term,period,0.013734943068660981
world,end,0.013734943068660981
world,geography,0.013734943068660981
drift,land,0.013734943068660981
level,today,0.013734943068660981
part,interior,0.013734943068660981
sea,world,0.013734943068660981
ancestral,sense,0.013734943068660981
alternative,world,0.013734943068660981
hunting,rex,0.013734943068660981
life,world,0.013734943068660981
reason,world,0.013734943068660981
family,mother,0.013734943068660981
subadult,son,0.013734943068660981
daughter,fig,0.013734943068660981
tree,subadult,0.013734943068660981
male,departure,0.013734943068660981
call,gap,0.013734943068660981
canopy,distance,0.013734943068660981
mother,daughter,0.013734943068660981
mother,son,0.013734943068660981
yearling,place,0.013734943068660981
stalemate,mother,0.013734943068660981
daughter,tree,0.013734943068660981
forth,stretch,0.013734943068660981
branch,tree,0.013734943068660981
tree,mother,0.013734943068660981
safety,suite,0.013734943068660981
care,image,0.013734943068660981
body,gap,0.013734943068660981
canopy?,juvenile,0.013734943068660981
adult,recognize,0.013734943068660981
need?,mother,0.013734943068660981
empathize,daughter,0.013734943068660981
screaming?,yearling,0.013734943068660981
frozen,position?,0.013734943068660981
insistence,replication,0.013734943068660981
ritual,lab,0.013734943068660981
tool,event,0.013734943068660981
case,mother\'s,0.013734943068660981
canopy?,technique,0.013734943068660981
mother,mother,0.013734943068660981
tradition,ages?,0.013734943068660981
daughter,midst,0.013734943068660981
mother\'s,demonstration,0.013734943068660981
yearling,opportunity,0.013734943068660981
mother\'s,description,0.013734943068660981
interpretation,infant,0.013734943068660981
stroke,genius,0.013734943068660981
luck,statement,0.013734943068660981
case,respect,0.013734943068660981
observation,way,0.013734943068660981
course,instance,0.013734943068660981
bridge-forming,mother,0.013734943068660981
time,occurrence,0.013734943068660981
bridge,bridge,0.013734943068660981
bridge,maker,0.013734943068660981
technique,technique,0.013734943068660981
someone,example,0.013734943068660981
anatomy,viscera,0.013734943068660981
tubular,body,0.013734943068660981
elongate,squamates;,0.013734943068660981
see,left,0.013734943068660981
lung,right,0.013734943068660981
lung,snake\'s,0.013734943068660981
body,cavity,0.013734943068660981
air,storage,0.013734943068660981
area,snake\'s,0.013734943068660981
esophagus,mouth,0.013734943068660981
midbody,stomach;,0.013734943068660981
valve,latter,0.013734943068660981
looped,intestine,0.013734943068660981
turn,straight,0.013734943068660981
liver,midline,0.013734943068660981
part,body,0.013734943068660981
bladder,ovary,0.013734943068660981
head,oviduct,0.013734943068660981
tantilla,notatus,0.013734943068660981
ovary,loss,0.013734943068660981
fossorial,cloaca,0.013734943068660981
chamber,intestine,0.013734943068660981
tracts;,vent,0.013734943068660981
chapter,organ,0.013734943068660981
hemipenis,name,0.013734943068660981
belief,apparatus,0.013734943068660981
squamate,hemipenis,0.013734943068660981
fact,blind,0.013734943068660981
cylinder,vent,0.013734943068660981
combination,pressure,0.013734943068660981
blood,organ,0.013734943068660981
muscle,action,0.013734943068660981
surface,channel,0.013734943068660981
sulcus,spermaticus,0.013734943068660981
groove,female\'s,0.013734943068660981
cloaca,retractor,0.013734943068660981
muscle,blood,0.013734943068660981
pressure,organ,0.013734943068660981
base,tail,0.013734943068660981
use,male,0.013734943068660981
shape,length,0.013734943068660981
role,copulatory,0.013734943068660981
sperm,testis,0.013734943068660981
side,body,0.013734943068660981
getula,right,0.013734943068660981
copulations;,attempt,0.013734943068660981
vent,squamate,0.013734943068660981
arrangement,copulation,0.013734943068660981
recovery,time,0.013734943068660981
taxa,shape,0.013734943068660981
e,g,0.013734943068660981
versus,ornamentation,0.013734943068660981
e,presence,0.013734943068660981
absence,size,0.013734943068660981
health,reality,0.013734943068660981
concept,life,0.013734943068660981
value,development,0.013734943068660981
civilization,belief,0.013734943068660981
level,health,0.013734943068660981
individual,chance,0.013734943068660981
stability,level,0.013734943068660981
health,argument,0.013734943068660981
civilization,lengthening,0.013734943068660981
life,span,0.013734943068660981
proof,round,0.013734943068660981
round,circle,0.013734943068660981
health,absence,0.013734943068660981
disease,scenario,0.013734943068660981
darkness,mire,0.013734943068660981
power,age,0.013734943068660981
privilege,dichotomy,0.013734943068660981
concept,concept,0.013734943068660981
disease,meaning,0.013734943068660981
nonself,disease,0.013734943068660981
disharmony,disharmony,0.013734943068660981
order,unity,0.013734943068660981
consciousness,fact,0.013734943068660981
course,doesn\'t,0.013734943068660981
angel,disease,0.013734943068660981
phenomenon,disease,0.013734943068660981
death,degeneration,0.013734943068660981
loss,function,0.013734943068660981
organism,capacity,0.013734943068660981
self-sacrifice,result,0.013734943068660981
result,tendency,0.013734943068660981
permanence,inner,0.013734943068660981
result,material,0.013734943068660981
course,result,0.013734943068660981
constancy,history,0.013734943068660981
result,thing,0.013734943068660981
cell,product,0.013734943068660981
nucleus,belief,0.013734943068660981
side,kuru,0.013734943068660981
syndrome,population,0.013734943068660981
fact,disease,0.013734943068660981
tradition,history,0.013734943068660981
distance,kuru,0.013734943068660981
home,presence,0.013734943068660981
virus,outline,0.013734943068660981
wisdom,retrovirus,0.013734943068660981
case,disease,0.013734943068660981
embryo,disease,0.013734943068660981
essence,host,0.013734943068660981
essence,person\'s,0.013734943068660981
health,identity,0.013734943068660981
dark,then--and,0.013734943068660981
course,cause,0.013734943068660981
death,takeover,0.013734943068660981
temptation,genome,0.013734943068660981
perspective,variability,0.013734943068660981
history,today,0.013734943068660981
year,television,0.013734943068660981
concert,part,0.013734943068660981
taxi,curvy,0.013734943068660981
clearing,manor,0.013734943068660981
house,view,0.013734943068660981
middle,lawn,0.013734943068660981
herd,sheep,0.013734943068660981
side,seat,0.013734943068660981
mansion,nothing,0.013734943068660981
purpose,store,0.013734943068660981
line,part,0.013734943068660981
display,baby,0.013734943068660981
sitting,room,0.013734943068660981
grief,hope,0.013734943068660981
globe,baby,0.013734943068660981
back,mansion,0.013734943068660981
house,\r\n,0.013734943068660981
age,childless,0.013734943068660981
choice,clock,0.013734943068660981
hasn\'t,order,0.013734943068660981
child,disbelief,0.013734943068660981
diaphragms,\r\n,0.013734943068660981
part,generation,0.013734943068660981
women\x97my,generation\x97for,0.013734943068660981
set,moment,0.013734943068660981
everyone,group,0.013734943068660981
thing,life,0.013734943068660981
career,decline,0.013734943068660981
fertility,age,0.013734943068660981
right,device,0.013734943068660981
fertility,hope,0.013734943068660981
panacea,fertilization,0.013734943068660981
embryologist,women\'s,0.013734943068660981
sperm,male,0.013734943068660981
lab,techs,0.013734943068660981
research,fellowship,0.013734943068660981
cage,egg,0.013734943068660981
sperm,collaborator,0.013734943068660981
work,meeting,0.013734943068660981
codiscoverer,work,0.013734943068660981
necessity,infanticide,0.013734943068660981
day,trilobite,0.013734943068660981
name,nothing,0.013734943068660981
classification,nomenclature,0.013734943068660981
matter,plenty,0.013734943068660981
time,palm,0.013734943068660981
hand,length,0.013734943068660981
portion,side,0.013734943068660981
animal,end,0.013734943068660981
principle,end,0.013734943068660981
head,animal,0.013734943068660981
course,head,0.013734943068660981
conformation,fossil,0.013734943068660981
kind,abortion,0.013734943068660981
anyone,senator,0.013734943068660981
brush,wife,0.013734943068660981
fetus,defect,0.013734943068660981
baby,life,0.013734943068660981
senator,abortion,0.013734943068660981
senator,press,0.013734943068660981
conference,option,0.013734943068660981
wife,danger,0.013734943068660981
shock,danger,0.013734943068660981
abortion,debate,0.013734943068660981
mother;,senator,0.013734943068660981
notion,couple,0.013734943068660981
birth,priority,0.013734943068660981
well-being,mother,0.013734943068660981
baby,birth,0.013734943068660981
debate,rush,0.013734943068660981
blood,heart,0.013734943068660981
senator\'s,coat,0.013734943068660981
spoke,order,0.013734943068660981
senator,interest,0.013734943068660981
condition,group,0.013734943068660981
male,intent,0.013734943068660981
group,member,0.013734943068660981
stake,debate,0.013734943068660981
quip,heart,0.013734943068660981
matter,abortion,0.013734943068660981
derive,reproduction,0.013734943068660981
system,government,0.013734943068660981
patriarchy,history,0.013734943068660981
fascination,group,0.013734943068660981
generation,situation,0.013734943068660981
idea,system,0.013734943068660981
matter,motion,0.013734943068660981
world,project,0.013734943068660981
world,view\x97ideas,0.013734943068660981
progress,like\x97and,0.013734943068660981
notion,nature,0.013734943068660981
machine,idea,0.013734943068660981
aid,intelligence,0.013734943068660981
author,nature,0.013734943068660981
ability,challenge,0.013734943068660981
change,function,0.013734943068660981
supreme,fiat,0.013734943068660981
system,matter,0.013734943068660981
motion,way,0.013734943068660981
living,operation,0.013734943068660981
theory,deism,0.013734943068660981
metaphor,conception,0.013734943068660981
nature,process,0.013734943068660981
improvement,rise,0.013734943068660981
scientist,mechanism,0.013734943068660981
word,view,0.013734943068660981
nature,form,0.013734943068660981
master,metaphor,0.013734943068660981
thinking,transmutation,0.013734943068660981
hypothesis,return,0.013734943068660981
voyage,search,0.013734943068660981
fall,idea,0.013734943068660981
age,hence,0.013734943068660981
character,population,0.013734943068660981
name,process,0.013734943068660981
variation,population,0.013734943068660981
pressure,survival,0.013734943068660981
reproduction,term,0.013734943068660981
selection,order,0.013734943068660981
relation,power,0.013734943068660981
selection,course,0.013734943068660981
selection,nature,0.013734943068660981
choice,nature,0.013734943068660981
nothing,selection,0.013734943068660981
reproduction,luck,0.013734943068660981
draw,\r\n',0.013734943068660981
bunch,fact,0.013734943068660981
muscle,mass,0.013734943068660981
decrease,age,0.013734943068660981
fifty,brain,0.013734943068660981
shrinking,percent,0.013734943068660981
decline,age,0.013734943068660981
none,cause,0.013734943068660981
aging;,result,0.013734943068660981
process,impact;,0.013734943068660981
degeneration,skin,0.013734943068660981
example,thinner,0.013734943068660981
age,loss,0.013734943068660981
fat,elasticity,0.013734943068660981
tone,collagen,0.013734943068660981
protein,tissue,0.013734943068660981
collagen,production,0.013734943068660981
protein,distribution,0.013734943068660981
pigment,melanin,0.013734943068660981
age,skin,0.013734943068660981
sweat,oil,0.013734943068660981
function,aging,0.013734943068660981
process,exposure,0.013734943068660981
texture,skin,0.013734943068660981
person,skin,0.013734943068660981
face,example,0.013734943068660981
skin,exception,0.013734943068660981
melanoma,skin,0.013734943068660981
skin,threat,0.013734943068660981
health,course,0.013734943068660981
impact,impact,0.013734943068660981
confusion,slowness,0.013734943068660981
unawareness,embarrassment,0.013734943068660981
one\'s,weakness,0.013734943068660981
tendency,fear,0.013734943068660981
humiliating,age,0.013734943068660981
incontinence,condition,0.013734943068660981
factor,isolation,0.013734943068660981
entropy,concept,0.013734943068660981
information,computing,0.013734943068660981
set,arrangement,0.013734943068660981
matter,energy,0.013734943068660981
system,expression,0.013734943068660981
entropy,expression,0.013734943068660981
concept,pi,0.013734943068660981
ln,pi,0.013734943068660981
scaling,factors;,0.013734943068660981
formula,k,0.013734943068660981
entropy,unit,0.013734943068660981
bit,\r\ninformation,0.013734943068660981
concept,equivalent,0.013734943068660981
system,increase,0.013734943068660981
decrease,information,0.013734943068660981
vice,versa,0.013734943068660981
sense,conservation,0.013734943068660981
sum,information,0.013734943068660981
change,entropy,0.013734943068660981
change,system,0.013734943068660981
law,system,0.013734943068660981
system's,state,0.013734943068660981
entropy,uncertainty,0.013734943068660981
description,extreme,0.013734943068660981
situation,information,0.013734943068660981
entropy,system,0.013734943068660981
information,maximum,0.013734943068660981
entropy,n,0.013734943068660981
thing,chocolate,0.013734943068660981
effect,brain,0.013734943068660981
chocolate,drink,0.013734943068660981
ruling,elite,0.013734943068660981
time,end,0.013734943068660981
century,civilization,0.013734943068660981
economy,currency,0.013734943068660981
chocolate,aphrodisiac,0.013734943068660981
cocoa,chocolate's,0.013734943068660981
reputation,reputation,0.013734943068660981
author,book,0.013734943068660981
condemnation,disapproval,0.013734943068660981
inflamer,century,0.013734943068660981
lover,chocolate,0.013734943068660981
drink,cacoa,0.013734943068660981
tree,moist,0.013734943068660981
latitude,world,0.013734943068660981
production,cocoa,0.013734943068660981
year,market,0.013734943068660981
market,cocoa,0.013734943068660981
sun,exposure,0.013734943068660981
acid,form,0.013734943068660981
vinegar,acid,0.013734943068660981
shoot,fermentation,0.013734943068660981
stage,acid,0.013734943068660981
cocoa,fat,0.013734943068660981
extent,process,0.013734943068660981
chocolate,chocolate,0.013734943068660981
piece,chocolate,0.013734943068660981
candy,chocolate,0.013734943068660981
drink,name,0.013734943068660981
word,xocalatl,0.013734943068660981
meaning,water,0.013734943068660981
liquid,cinnamon,0.013734943068660981
cornmeal,vanilla,0.013734943068660981
sugar,chocolate,0.013734943068660981
aphrodisiac,truth,0.013734943068660981
idea,brain,0.013734943068660981
chocolate,gallery;,0.013734943068660981
theobromine,cocoa,0.013734943068660981
tree,name,0.013734943068660981
cacoa,`food,0.013734943068660981
gods',tea,0.013734943068660981
chemical,chocolate,0.013734943068660981
effect,g,0.013734943068660981
bar,chocolate,0.013734943068660981
amount,mg,0.013734943068660981
pure,state,0.013734943068660981
liquid,fishlike,0.013734943068660981
smell,laboratory,0.013734943068660981
ammonia,property,0.013734943068660981
carbon,dioxide,0.013734943068660981
air,level,0.013734943068660981
glucose,blood,0.013734943068660981
blood,pressure,0.013734943068660981
news,virulence,0.013734943068660981
course,group,0.013734943068660981
community,group,0.013734943068660981
peak,activity,0.013734943068660981
infection,point,0.013734943068660981
incidence,i,0.013734943068660981
percent,incidence,0.013734943068660981
percent,period,0.013734943068660981
circulation,sex,0.013734943068660981
number,sex,0.013734943068660981
contact,reduction,0.013734943068660981
risk,latter,0.013734943068660981
sex,probability,0.013734943068660981
promiscuity,type,0.013734943068660981
contact,sex,0.013734943068660981
partner,number,0.013734943068660981
kind,sex,0.013734943068660981
practice,sex,0.013734943068660981
penetration,penis,0.013734943068660981
man,man,0.013734943068660981
chance,parallel,0.013734943068660981
regard,woman,0.013734943068660981
man,risk,0.013734943068660981
situation,sex,0.013734943068660981
stimulation,fact,0.013734943068660981
contact,i,0.013734943068660981
kind,penetration,0.013734943068660981
risk,type,0.013734943068660981
contact,force,0.013734943068660981
factor,penetration,0.013734943068660981
infection,sex,0.013734943068660981
virulence,data,0.013734943068660981
cohort,circulation,0.013734943068660981
circulation,evidence,0.013734943068660981
virulence,damage,0.013734943068660981
rate,circulation,0.013734943068660981
virus,load,0.013734943068660981
transmission,virus,0.013734943068660981
reproduction,host,0.013734943068660981
food,hierarchy,0.013734943068660981
better,trophic,0.013734943068660981
pyramid,base,0.013734943068660981
tiny,level,0.013734943068660981
rule,thumb,0.013734943068660981
biomass,amount,0.013734943068660981
living,matter,0.013734943068660981
factor,reason,0.013734943068660981
conversion,energy,0.013734943068660981
course,waste,0.013734943068660981
term,point,0.013734943068660981
view,top,0.013734943068660981
pyramid,level,0.013734943068660981
deal,energy,0.013734943068660981
transition,step,0.013734943068660981
pyramid--or,half-step,0.013734943068660981
herbivory,law,0.013734943068660981
pyramid,rain,0.013734943068660981
forest,savanna,0.013734943068660981
platform,grass,0.013734943068660981
plenty,room,0.013734943068660981
fire,spread,0.013734943068660981
acacia,grass,0.013734943068660981
grass,game,0.013734943068660981
marriage,grass,0.013734943068660981
man,point,0.013734943068660981
view,effect,0.013734943068660981
grass,aid,0.013734943068660981
turf,fight,0.013734943068660981
control,savanna,0.013734943068660981
strategy,strategy,0.013734943068660981
course,pattern,0.013734943068660981
selection,fond,0.013734943068660981
grass,energy,0.013734943068660981
ground,alliance,0.013734943068660981
hand:,effect,0.013734943068660981
savanna,surface,0.013734943068660981
globe,temperate,0.013734943068660981
zone,shape,0.013734943068660981
tundra,steppe,0.013734943068660981
prevailing,cold,0.013734943068660981
place,feast,0.013734943068660981
period,picnic,0.013734943068660981
pyramid,planet,0.013734943068660981
steppe,edge,0.013734943068660981
twenty,course,0.013734943068660981
way,direness,0.013734943068660981
challenge--to,cave,0.013734943068660981
bear,fact,0.013734943068660981
threshold,skill,0.013734943068660981
\r\n,response,0.013734943068660981
period,version,0.013734943068660981
response:,clearing,0.013734943068660981
response,expansion,0.013734943068660981
quilt-work,capital,0.013734943068660981
border,altitude,0.013734943068660981
acacia,view,0.013734943068660981
easternmost,expression,0.013734943068660981
desert,locality,0.013734943068660981
rain,year,0.013734943068660981
climate,land,0.013734943068660981
environment,patchwork,0.013734943068660981
plenty,antelope,0.013734943068660981
zebra,antelope,0.013734943068660981
giraffe,warthog,0.013734943068660981
jackal,hyena,0.013734943068660981
lion,thorny,0.013734943068660981
tree,scrubland,0.013734943068660981
ideal,fond,0.013734943068660981
obstacle,impala,0.013734943068660981
browse,variety,0.013734943068660981
home,water,0.013734943068660981
springbok,equivalent,0.013734943068660981
gazelle,gazelle,0.013734943068660981
region,plenty,0.013734943068660981
water,factor,0.013734943068660981
impala,wetter,0.013734943068660981
north,drier,0.013734943068660981
flyover,salt,0.013734943068660981
loom,right,0.013734943068660981
dense,tree,0.013734943068660981
ecosystems:,line,0.013734943068660981
protein,content,0.013734943068660981
selection,theory,0.013734943068660981
intervening,labor,0.013734943068660981
anatomy,theory,0.013734943068660981
view,idea,0.013734943068660981
part,wife,0.013734943068660981
evolution,living,0.013734943068660981
recourse,purpose,0.013734943068660981
fear,revenge,0.013734943068660981
position,respect,0.013734943068660981
letter,principle,0.013734943068660981
selection,sketch,0.013734943068660981
evidence,theory,0.013734943068660981
\r\n,preservation,0.013734943068660981
book,evolution,0.013734943068660981
form,grandfather,0.013734943068660981
naturalist,air,0.013734943068660981
poem,evolution,0.013734943068660981
mechanism,means,0.013734943068660981
diversity,living,0.013734943068660981
intervention,philosopher,0.013734943068660981
difference,threat,0.013734943068660981
benevolent,deity,0.013734943068660981
skyhook,life,0.013734943068660981
upward,divine,0.013734943068660981
kind,crane,0.013734943068660981
means,complexity,0.013734943068660981
ground,gentleman,0.013734943068660981
respect,evolution,0.013734943068660981
time,history\x97gentleman\'s,0.013734943068660981
beetle,hobby,0.013734943068660981
countryside,ministry,0.013734943068660981
beetle,theology,0.013734943068660981
student,read,0.013734943068660981
chance,stone,0.013734943068660981
path,watch,0.013734943068660981
someone,turn,0.013734943068660981
watch,divine,0.013734943068660981
design,chance,0.013734943068660981
establishment,strand,0.013734943068660981
character\x97delight,fact,0.013734943068660981
facet,living,0.013734943068660981
